maze,pos,distance
M0.xml,0,1.9209373
M0.xml,1,1.5
M1.xml,0,2.3443348
M1.xml,1,1.5
M1.xml,2,1.6284236
