maze,pos,distance
M0.xml,0,1.421267
M0.xml,1,1.5264338
M0.xml,2,1.555635
M0.xml,3,1.6401219
M0.xml,4,2.5079873
M0.xml,5,2.7513633
M0.xml,6,2.823119
M1.xml,0,1.421267
M1.xml,1,1.555635
M1.xml,2,1.5892961
M1.xml,3,1.9206631
M1.xml,4,2.6966932
M1.xml,5,2.7513633
M1.xml,6,3.1006231
